adm3_name,adm3_pcode,adm2_name,adm1_name,area_sqkm,center_lat,center_lon,dist_agence_km,dist_datacenter_km
Abobo,TG030801,Zio,Maritime,112.23551667,6.250369,1.34884681,7.207991664357016,16.491918423587517
Adeta,TG040701,Kpele,Plateaux,202.8479946,7.0917395,0.87068211,16.028840065868565,106.36894452451236
Adetikope,TG030901,Agoe-Nyive,Maritime,44.32738121,6.320109,1.2097585,0.9358280696172477,14.116054975367996
Adiva,TG040101,Amou,Plateaux,10.53327579,7.498801,1.01820885,25.913587729525673,146.05703063319822
Adjahun Fiagbe,TG040301,Agou,Plateaux,63.20770563,6.762418,0.73506917,9.581349518762222,82.17648517431292
Adjengere,TG010301,Sotouboua,Centrale,292.11041561,8.688721,0.94175424,14.53966753861514,277.7113719250976
Adogbenou,TG041101,Anie,Plateaux,639.90896865,7.8131105,1.51940213,36.41073204789642,182.42705992879758
Adzakpa,TG040302,Agou,Plateaux,165.87885505,6.614559,0.76185626,24.8574418345024,68.22983838477882
Afagnan / Afagnagan,TG030201,Bas-Mono,Maritime,112.25715045,6.5041125,1.63203284,1.0148588371814362,57.89829312838673
Affem,TG010401,Tchamba,Centrale,163.54681059,9.122283,1.520651,16.029592305551823,325.80957741390677
Aflao Gakli,TG030301,Golfe,Maritime,11.00436195,6.19743503,1.16788385,1.3478227776949643,3.989227532604579
Agbandi,TG010101,Blitta,Centrale,241.46550143,8.2485245,1.15118722,18.65714777873591,227.50139012905782
Agbandi-Yaka,TG020501,Doufelgou,Kara,97.05857567,9.6979175,1.09987531,7.546029567305165,387.9245428924974
Agbelouve,TG030802,Zio,Maritime,452.9506497,6.725136,1.0640904,12.640514726744648,61.12828661155075
Agbodrafo,TG030401,Lacs,Maritime,81.48233086,6.2125395,1.517279,19.939535793554676,33.91222014299555
Agoenyive,TG030902,Agoe-Nyive,Maritime,46.60473308,6.2333305,1.20653894,0.543168088205487,4.550749346118393
Agome,TG041201,Kloto,Plateaux,32.44912228,6.935945,0.61289236,3.373459714678641,105.5874287269203
Agome-Tomegbe,TG041202,Kloto,Plateaux,26.77647324,6.942733,0.54629601,10.085024066107035,110.91997385888513
Agome Glozou/Agbetiko,TG030202,Bas-Mono,Maritime,72.98692102,6.501472,1.68786447,6.575494492797332,62.809512119734435
Agotime Nord,TG040303,Agou,Plateaux,213.62232711,6.707528,0.68694882,15.77062994297817,81.32960920889103
Agou-Akplolo,TG040309,Agou,Plateaux,45.41306757,6.918968,0.79349672,11.661766240735039,92.71190067199014
Agou Agbetiko/Agou Dzidjole,TG040304,Agou,Plateaux,68.62937884,6.925972,0.7341313,8.95376950651179,96.80578640761387
Agou Atigbe,TG040305,Agou,Plateaux,33.60276265,6.7901165,0.74948677,7.277257139215778,83.56333913911104
Agou Gadzepe,TG040306,Agou,Plateaux,31.93080442,6.8465325,0.70583193,1.1731724220958595,91.45373688919224
Agou Kebo,TG040307,Agou,Plateaux,18.00283718,6.8685685,0.74171738,3.675954746100209,91.06965342248583
Agou Yiboe/Kati,TG040308,Agou,Plateaux,109.95967608,6.9065205,0.87802648,19.040972430701046,87.16897910332196
Agouegan,TG030402,Lacs,Maritime,49.17277933,6.273966,1.71979261,26.49330288402416,56.96363074408382
Agoulou,TG010501,Tchaoudjo,Centrale,264.11904013,9.1922095,1.36480593,19.637196420472343,332.19712871181497
Ahassome,TG040801,Moyen-Mono,Plateaux,133.02016658,7.2086135,1.514053,23.16651151319787,117.24639112508935
Ahepe,TG030701,Yoto,Maritime,95.1523491,6.5699345,1.4236099,24.1270630341818,47.88595608109976
Ahlon,TG040401,Danyi,Plateaux,51.02680881,7.2787735,0.66391112,17.858583102592434,134.55768459416007
Akata,TG040702,Kpele,Plateaux,89.15192598,7.045233,0.71976625,9.651770420535213,108.88424230555496
Akepe,TG030101,Ave,Maritime,42.7592164,6.2306755,1.07088335,4.412752069870639,14.940140765322026
Aklakou,TG030403,Lacs,Maritime,179.99184507,6.3394925,1.71717882,19.838733718835254,58.267485835319306
Akoumape,TG030601,Vo,Maritime,123.41311181,6.433624,1.43719233,22.26238213115548,36.53399516108901
Akpare,TG040901,Ogou,Plateaux,276.34673865,7.453272,1.34743587,25.28836058250108,140.24408607288262
Akponte,TG020601,Keran,Kara,215.70366868,10.1891185,0.9066252,23.573069541570764,443.36455324964106
Aledjo,TG020101,Assoli,Kara,187.60499906,9.2799335,1.16600181,11.863983100755455,341.5240717090347
Aleheride/Amaide,TG010502,Tchaoudjo,Centrale,243.50860851,9.155504,1.15884192,17.839426878380106,327.7758468762415
Alibi,TG010402,Tchamba,Centrale,538.54306576,8.8126545,1.36419547,23.822804346292255,290.27504491632726
Aloum,TG020502,Doufelgou,Kara,164.71835904,9.77426,0.9710185,15.055277736285978,397.0747758386342
Amou-Oblo,TG040102,Amou,Plateaux,150.74019863,7.3613215,0.8649412,29.3510586546896,134.84418367808533
Amoussime,TG030702,Yoto,Maritime,39.49807428,6.6378225,1.51043821,20.457550200973067,59.321639207837364
Amoussou Kope,TG040310,Agou,Plateaux,137.50501514,6.661579,0.84432609,24.706218820604274,65.89981158039889
Amoutive,TG030302,Golfe,Maritime,23.598666,6.2187695,1.26591183,4.289111883598208,6.685463866222843
Aneho,TG030404,Lacs,Maritime,17.39448502,6.238067,1.60710534,28.572537489805004,44.06821564341081
Anfoin,TG030405,Lacs,Maritime,25.37745704,6.340102,1.61107313,17.300159248666596,47.13106945521577
Anie,TG041102,Anie,Plateaux,241.98242515,7.7804875,1.15344413,4.673943922910366,175.75289701594775
Anyron Kope,TG030602,Vo,Maritime,32.32379531,6.259088,1.55343911,25.391701229827238,38.54973505731816
Aouda,TG010302,Sotouboua,Centrale,785.11560193,8.8622735,0.85838223,33.83478759722513,297.8763670117731
Assahoun/Ando Peme,TG030102,Ave,Maritime,377.66242577,6.4986765,0.85115802,8.854751225292407,52.31893871888584
Assrama,TG040601,Haho,Plateaux,618.2469279,6.9901975,1.45830479,17.124913078564024,92.34507254095878
Atalote,TG020602,Keran,Kara,287.75125566,9.947946,0.8867311,17.877847822859774,416.9521444379585
Atchangbade,TG020701,Kozah,Kara,152.07051824,9.473733,1.10936741,11.866662404651974,363.10447787334726
Atchinedji,TG041103,Anie,Plateaux,411.05115216,7.579525,1.38843077,29.331057348808102,154.6399155551483
Atchintse,TG010102,Blitta,Centrale,176.96687904,7.9794325,0.66583934,54.862162825459805,206.66070157011288
Atsave,TG040602,Haho,Plateaux,305.8034716,6.8737715,1.31155966,17.850057220308432,76.15500429094614
Attitogon,TG030203,Bas-Mono,Maritime,68.97885036,6.4102385,1.64853773,9.686137641311396,54.01980354711893
Avedje,TG040103,Amou,Plateaux,39.13009357,7.421693,1.12995886,12.336601706793555,136.25094026641528
Awandjelo,TG020702,Kozah,Kara,115.51089427,9.474899,1.19187122,7.967904415570173,363.05692465958043
Badin,TG040501,Est-Mono,Plateaux,495.51673394,8.2542835,1.54327141,54.68829090466962,230.94261084240065
Badja,TG030103,Ave,Maritime,173.55284604,6.3763795,1.01826737,12.150918774122324,29.514108307616038
Badou,TG040201,Wawa,Plateaux,99.67972411,7.5633725,0.57635075,50.69784157714696,167.11631209815857
Bafilo,TG020102,Assoli,Kara,155.73833688,9.3669465,1.26114582,2.359231659004913,351.1456895065633
Baga,TG020503,Doufelgou,Kara,44.35382615,9.804723,1.10028149,4.40200445805787,399.7318888399184
Baghan,TG020201,Bassar,Kara,473.15921301,8.9820075,0.56207524,39.014503448265266,316.804826216016
Bago,TG010403,Tchamba,Centrale,367.14003544,8.4394075,1.35288278,39.20904448807481,248.99350922140243
Bagou,TG051501,Tandjoare,Savanes,28.84272315,10.673332,0.03529779,27.92456909802339,512.4510341867193
Baguida,TG030303,Golfe,Maritime,44.69271769,6.1828365,1.3374773,1.6581723158046076,13.982253027195192
Balanka,TG010404,Tchamba,Centrale,69.73358672,8.8621745,1.60037407,12.837801000967463,298.348062466536
Bangeli,TG020202,Bassar,Kara,207.41211323,9.408098,0.63594437,19.99760832820471,361.341829056248
Bapure,TG020401,Dankpen,Kara,245.63003314,9.52316,0.58563667,18.334100045593537,374.86650860265087
Barkoissi,TG051401,Oti,Savanes,51.32388177,10.584106,0.32986982,29.352455253590605,495.48710249605085
Bassar,TG020203,Bassar,Kara,1285.57790891,9.210879,0.85800527,10.11790916428171,336.1487896040007
Biankouri,TG051701,Cinkasse,Savanes,36.75505652,11.024749,0.05302916,7.145667185616896,549.6891180743324
Bidjenga,TG051601,Tone,Savanes,42.91778032,10.6997645,0.30357958,21.130681023505833,508.6056743150727
Bitchabe,TG020204,Bassar,Kara,150.30261516,9.3062595,0.5921063,21.315060273670145,351.17176635301655
Blitta-Gare,TG010104,Blitta,Centrale,107.69203187,8.3300805,0.97934442,3.355023413089028,237.82241959607458
Blitta Village,TG010103,Blitta,Centrale,62.74797698,8.3272415,1.02893618,2.6205034164338703,236.97808333946605
Boade,TG051702,Cinkasse,Savanes,25.04098877,11.108355,-0.05601728,8.487333856653565,561.5743048421444
Bodjonde,TG010303,Sotouboua,Centrale,57.49714644,8.442927,1.03279313,11.309460653837803,249.69576530967
Bogou,TG051502,Tandjoare,Savanes,57.52850037,10.649995,0.14981096,24.30007835920366,506.8743124222987
Bohou,TG020703,Kozah,Kara,17.59177619,9.596143,1.16468957,5.716202080637282,376.49989683099045
Bolou Kpeta,TG030803,Zio,Maritime,75.17100293,6.44595,1.12974679,9.57917513143386,29.457201847985413
Bombouaka,TG051503,Tandjoare,Savanes,64.00603523,10.717816,0.22336043,16.217761950017692,512.3818924424338
Borgou,TG051301,Kpendjal,Savanes,630.94795851,10.762763,0.62208454,47.128527385913785,509.7444568438475
Boufale,TG020301,Binah,Kara,55.44773884,9.8547775,1.32313799,25.584570358247287,405.2434043756322
Boulade,TG020103,Assoli,Kara,71.13673046,9.401495,1.21946721,5.890740032869932,354.9294636277289
Boulogou,TG051504,Tandjoare,Savanes,39.50900768,10.642865,0.27392014,25.558110729185117,503.1013612317769
Boulohou,TG010201,Plaine du Mo,Centrale,343.72523994,8.6852175,0.66243437,37.01874406373082,282.3314727103758
Cinkasse,TG051703,Cinkasse,Savanes,34.0791149,11.0828045,0.04032119,0.571590639728612,556.2631880113438
Dagbati,TG030603,Vo,Maritime,96.54854893,6.487658,1.5049104,13.719433278061608,46.036397165882
Dako/Daoude,TG020104,Assoli,Kara,250.51482682,9.3555415,1.05143997,21.153270911392493,350.30682437146936
Dalave,TG030804,Zio,Maritime,103.47654966,6.3419855,1.27370846,6.764451621070647,17.909206095347656
Dalia,TG040603,Haho,Plateaux,158.84354598,6.817003,1.18224255,15.133153378056093,69.14665669088004
Danyi-Kakpa,TG040403,Danyi,Plateaux,88.41113515,7.1625165,0.64541436,10.068211582553385,124.2319894155708
Danyi Kpeto-Evita,TG040402,Danyi,Plateaux,46.63012606,7.2616505,0.74323575,14.400262075805593,129.10454508626088
Dapaong,TG051602,Tone,Savanes,165.31597873,10.880235,0.19746596,0.7494742923122564,530.5505489328076
Datcha,TG040902,Ogou,Plateaux,98.1093104,7.4069995,1.18572572,10.372676833448715,134.35532786294968
Davie,TG030805,Zio,Maritime,69.94209047,6.3561175,1.16549058,7.199128042193923,18.800517538480705
Defale,TG020504,Doufelgou,Kara,68.40373176,9.8860155,1.07934099,8.141556833697228,408.79829762122023
Diguengue,TG010105,Blitta,Centrale,97.867113,8.0641155,0.63998792,50.74390996046835,216.4544461369448
Dikpeleou,TG010106,Blitta,Centrale,27.19956181,8.183186,0.61447923,46.71686167212794,229.87794636981056
Dimori,TG020205,Bassar,Kara,284.1622148,9.170561,0.57314702,24.83517577642427,336.8945672038428
Djagble,TG030806,Zio,Maritime,32.67444796,6.2388635,1.2881106,1.7478446648738026,9.908088239121495
Djamde,TG020704,Kozah,Kara,157.00643847,9.490575,1.03201031,18.200777651678038,365.3373781580953
Djarkpanga,TG010202,Plaine du Mo,Centrale,294.45483295,8.779051,0.52168898,55.39144964405858,296.1011954537509
Djemegni,TG040604,Haho,Plateaux,203.60055166,7.0311175,1.3160669,17.511888013868766,93.4665516990776
Djon,TG041001,Akebou,Plateaux,187.394431,7.7387945,0.80549589,42.834829662265385,176.83027570019803
Doufouli,TG010107,Blitta,Centrale,144.82694129,8.3049165,0.90768357,11.725731358035196,236.05499990261612
Doukpergou,TG051505,Tandjoare,Savanes,64.94575532,10.635806,0.05960501,29.675247599834044,507.75569970482644
Doume,TG040202,Wawa,Plateaux,58.39055864,7.5563435,0.77746771,47.21846044491732,158.30762986045914
Dzolo,TG030104,Ave,Maritime,123.4217079,6.380591,0.90563391,6.3678840766552485,39.27992088934118
Dzrekpo,TG030604,Vo,Maritime,57.58431778,6.4402515,1.56889204,9.009268221446776,48.10787640549318
Ekpegnon,TG040104,Amou,Plateaux,142.15177543,7.307489,0.97933512,20.473505666408247,125.96977937738424
Elavagnon,TG040502,Est-Mono,Plateaux,289.61591573,7.951309,1.34260311,26.412111319681518,195.0581394131216
Elavagnon/Atigba,TG040404,Danyi,Plateaux,192.72190878,7.2695515,0.69932985,15.617501722427207,131.9177962621052
Esse Godjin,TG030703,Yoto,Maritime,77.18600385,6.7144905,1.54500252,25.917769235830153,68.50782449973669
Evou,TG040105,Amou,Plateaux,39.9581071,7.524058,1.02273753,27.867447195284544,148.74983162903462
Fare,TG051402,Oti,Savanes,48.89351522,10.1739515,0.38409272,21.959100440849898,449.8260517775163
Fazao,TG010304,Sotouboua,Centrale,308.47450577,8.7494845,0.78892313,29.179284900779464,286.66600905249805
Gadja,TG040311,Agou,Plateaux,207.46754634,6.803169,0.84803928,15.33882274656114,78.61035008396998
Galangashie,TG051403,Oti,Savanes,445.64436057,10.485587,0.34012209,19.904646096240743,484.57811819267823
Game,TG030807,Zio,Maritime,208.40690193,6.748451,1.16453913,8.118433663812944,61.70846812565553
Game,TG040106,Amou,Plateaux,340.84807436,7.771153,1.06801705,13.788094894676231,175.32606924188468
Ganave/Fiata,TG030406,Lacs,Maritime,22.93776515,6.3263905,1.63842395,18.73681989041154,49.507081026808905
Gando,TG051901,Oti-Sud,Savanes,351.65102478,10.295577,0.78420746,5.726938356383079,456.31898176805106
Gape-Centre,TG030809,Zio,Maritime,262.14839081,6.6020945,1.07264145,13.18107980084827,47.83829522693792
Gape Kpodji,TG030808,Zio,Maritime,111.38099797,6.708993,0.94511796,24.806165191309947,64.28359664730797
Gbadjahe,TG040503,Est-Mono,Plateaux,164.63660748,7.8529635,1.34766003,19.65539186440527,184.25753561139373
Gbaladze,TG040703,Kpele,Plateaux,32.94298358,7.212238,0.76220256,9.508472244585969,123.25700528674531
Gbalave,TG041203,Kloto,Plateaux,20.35007374,6.867997,0.59558739,5.598959138857216,101.12799647786005
Gbatope,TG030810,Zio,Maritime,269.83147349,6.4873215,1.28365465,11.802411431572235,33.570126585672185
Gbende,TG041002,Akebou,Plateaux,110.44042057,7.76183,0.68044707,56.5355604239378,183.25113672209542
Gblainvie,TG030811,Zio,Maritime,111.24522254,6.497109,1.11177847,14.383376209925128,35.45295853541206
Gboto,TG030704,Yoto,Maritime,60.35619288,6.7166405,1.48255648,29.305497486850022,65.26121294323424
Glei,TG040903,Ogou,Plateaux,455.49961696,7.2810905,1.24406962,9.577686097975208,120.45113722378672
Glidji,TG030407,Lacs,Maritime,40.04226344,6.2709135,1.60575814,24.969806151676796,44.4822557557943
Glitto,TG041104,Anie,Plateaux,329.67837578,7.6021915,1.56282627,44.32361111502037,160.6608248579443
Gnagna,TG040904,Ogou,Plateaux,76.22693236,7.5037845,1.16031023,20.815663741693687,145.1411883138705
Gnoaga,TG051704,Cinkasse,Savanes,5.85951685,11.111916,-0.09657142,12.9349500149671,563.0898511668895
Gobe/Eketo/Gbadi N'Kugna,TG040203,Wawa,Plateaux,368.03074071,7.454922,0.75501099,35.817760665074786,148.48383669779474
Goubi,TG010405,Tchamba,Centrale,154.33528576,8.6302145,1.50340079,16.18936524207901,271.51621421697394
Gouloungoussi,TG051705,Cinkasse,Savanes,15.00109089,11.117492,-0.12001425,15.558525480298695,564.3561155439327
Goundoga,TG051506,Tandjoare,Savanes,33.71896761,10.7145015,0.16995958,16.842770813493875,513.3157939147568
Govie,TG040704,Kpele,Plateaux,43.74019724,7.1548805,0.74436355,2.9123426767516967,118.32850376669367
Guerin-Kouka,TG020402,Dankpen,Kara,441.03967507,9.729194,0.56844487,6.395840460593529,397.6259695532869
Hahotoe,TG030605,Vo,Maritime,38.92518801,6.3964085,1.38973692,18.531510138460494,29.958832855511574
Hanyigba,TG041204,Kloto,Plateaux,34.24041928,6.898516,0.60118267,3.7039639526452084,103.24005270191054
Helota,TG020603,Keran,Kara,201.44932607,9.9136215,0.74515651,29.18950875029757,414.83087784269134
Hiheatro,TG040107,Amou,Plateaux,221.32544293,7.581222,1.04808401,25.442668283076866,154.65913930956236
Hompou,TG030204,Bas-Mono,Maritime,40.08802423,6.4188905,1.71718071,12.947337193154357,61.296030761558654
Houdou,TG040905,Ogou,Plateaux,67.48655252,7.6041065,1.1774126,17.30898276853384,156.17155943453025
Imle,TG040108,Amou,Plateaux,95.7897072,7.4623525,0.99325036,24.921671501182317,142.51242126009097
Kaboli,TG010406,Tchamba,Centrale,935.54111888,8.5985825,1.35914417,30.484783569146547,266.60722439548607
Kabou,TG020206,Bassar,Kara,388.4234365,9.507899,0.78489463,6.783090105496176,369.74993439287744
Kadambara,TG010503,Tchaoudjo,Centrale,323.92108263,8.8192765,1.24475762,19.64835875158251,290.55010973491846
Kadjalla,TG020505,Doufelgou,Kara,100.9149605,9.8031745,0.93883608,19.014481261926797,400.52062608659696
Kagnigbara,TG010203,Plaine du Mo,Centrale,235.54573333,8.9020805,0.64652576,42.24595773732898,306.1573948010383
Kalanga,TG020207,Bassar,Kara,122.49660587,9.2734475,0.67252288,11.945353607206497,345.968446135245
Kame,TG040705,Kpele,Plateaux,75.58346203,7.229914,0.85264315,17.236646544269934,121.41847487429308
Kamina,TG040504,Est-Mono,Plateaux,581.69319712,8.101369,1.56810809,55.64438031531885,214.74781290666726
Kamina,TG041003,Akebou,Plateaux,358.08055235,7.93551,0.91509588,35.97937545313675,195.55756265975816
Kande,TG020604,Keran,Kara,282.69426768,9.976506,1.07890567,3.4957339459352283,418.80377173410034
Kaniamboua,TG010305,Sotouboua,Centrale,31.93987984,8.604154,1.00262794,5.064522646782234,267.74580576706217
Kantindi,TG051603,Tone,Savanes,82.8000414,10.91796,0.26895922,8.58711661792066,533.0290376415425
Katchamba,TG020403,Dankpen,Kara,135.6674787,9.8740735,0.51456723,23.10238406737823,414.47281512758906
Katchenke,TG010108,Blitta,Centrale,115.38520462,8.253238,0.69626505,35.68479422882522,234.9538912177934
Katome,TG040802,Moyen-Mono,Plateaux,24.0583501,7.3725795,1.61528325,38.73918643739555,137.92541340584359
Katore,TG040906,Ogou,Plateaux,277.38161312,7.383606,1.31635783,18.372014934829906,132.24198512057347
Kazaboua,TG010306,Sotouboua,Centrale,202.56353899,8.420729,1.14280383,16.932302500315778,246.56837256314907
Kemeni,TG010504,Tchaoudjo,Centrale,117.16222311,9.1958185,1.2783,17.911929496499226,332.25470554662724
Kemerida,TG020302,Binah,Kara,44.31056683,9.6171045,1.3493335,19.296750907354756,379.0694348178096
Kessibo,TG040204,Wawa,Plateaux,107.66663866,7.640493,0.61540835,57.69171315930386,173.20199732765263
Ketao,TG020303,Binah,Kara,48.82683483,9.6727615,1.32053667,20.04423054006788,385.1114142656411
Keve,TG030105,Ave,Maritime,105.78303589,6.478304,1.01955256,11.496491587127485,38.08660662337559
Kidjaboun,TG020404,Dankpen,Kara,340.62671867,9.7710575,0.44159775,20.54086967562968,404.9006718477142
Kini-Kondji,TG030705,Yoto,Maritime,29.31897559,6.5853885,1.54829289,13.331984555702979,57.23734018747171
Klabe Efoukpa,TG040205,Wawa,Plateaux,196.44389187,7.6021335,0.73730889,52.012763889082414,164.50337768892655
Koffiti,TG010109,Blitta,Centrale,182.82961489,8.020972,1.14081409,28.892995592452113,202.3862071141332
Koka,TG020506,Doufelgou,Kara,19.74790731,9.789666,1.14633846,4.980110908277164,397.9380040318375
Kolina,TG010505,Tchaoudjo,Centrale,110.34050447,9.0832715,1.17894132,10.748363790969762,319.75297091834585
Kolokope,TG041105,Anie,Plateaux,224.20016547,7.765361,1.29423019,11.135601853989158,174.19601425311615
Komah,TG010506,Tchaoudjo,Centrale,95.50859639,8.996462,1.16250722,2.715306945360618,310.17919747566634
Korbongou,TG051604,Tone,Savanes,92.69024857,10.945408,0.32087691,15.016470343030534,534.9206429967661
Kougnohou,TG041004,Akebou,Plateaux,96.48751882,7.6911035,0.81062451,42.916895473248324,171.58587275787025
Koulfiekou,TG020405,Dankpen,Kara,167.93817176,9.9347875,0.41119336,34.92139129309508,423.3169075874474
Kouma,TG041205,Kloto,Plateaux,59.88871052,6.98502,0.57993732,9.901339998040973,112.10258444692533
Koumea,TG020705,Kozah,Kara,50.77520106,9.713715,1.20418464,12.023434866286,389.46643848894416
Koumonde,TG020105,Assoli,Kara,58.65125951,9.2799335,1.27996485,9.109265118576886,341.5602457731032
Koumongou,TG051902,Oti-Sud,Savanes,115.78858281,10.159242,0.5004213,22.035713524332788,445.7835380048538
Koundjoare,TG051302,Kpendjal,Savanes,225.79584901,10.9275,0.6408151,48.24100017885602,527.5732064646725
Kountoire,TG051903,Oti-Sud,Savanes,241.61246141,10.089755,0.62816625,29.775578103321454,435.9022891509566
Kourientre,TG051605,Tone,Savanes,41.99613422,11.0065525,0.23350296,14.824914643689493,543.412170656582
Koussountou,TG010407,Tchamba,Centrale,470.07729505,8.8473625,1.49189538,15.766843192386709,295.2410662363087
Koutchitcheou,TG020406,Dankpen,Kara,43.17752585,9.626668,0.76722978,18.668035252819433,383.0313029512603
Koutougou,TG020605,Keran,Kara,179.74854496,10.0600605,1.21473151,20.981852892719328,427.77574857032835
Kouve,TG030706,Yoto,Maritime,317.66625095,6.724689,1.4022068,26.594486299968384,62.52339990537311
Kovie,TG030812,Zio,Maritime,48.34605211,6.3331795,1.08878846,10.36117852061493,20.654930411585845
Kpadape,TG041206,Kloto,Plateaux,65.80110344,6.8009835,0.59968711,11.638999590058896,95.46178443879607
Kpaha,TG020507,Doufelgou,Kara,100.75308972,9.918094,1.14090286,10.288449154514918,412.1535672501489
Kpalave,TG041005,Akebou,Plateaux,95.06504915,7.832448,0.83936848,39.70331871659276,186.0028988528859
Kpangalam,TG010507,Tchaoudjo,Centrale,284.18731645,9.0958355,1.03940413,15.372730000067865,321.695989614023
Kparatao,TG010508,Tchaoudjo,Centrale,142.0433809,8.9493685,1.24270111,10.46558262363163,304.935807448771
Kpassouade,TG010509,Tchaoudjo,Centrale,80.89558582,9.039479,1.31353781,11.370011902683352,315.07875283296414
Kpategan,TG040109,Amou,Plateaux,179.36748937,7.360128,1.04705527,13.875864611358395,130.4196841577478
Kpedome,TG040605,Haho,Plateaux,598.09111608,7.071503,1.11320004,12.724736059093296,97.82660676267804
Kpegnon/Haito,TG040606,Haho,Plateaux,161.64913097,7.187081,0.9940611,18.91691568725476,112.60506597673923
Kpekpleme,TG040803,Moyen-Mono,Plateaux,97.80843708,7.3007125,1.58717434,30.89026796770104,129.40213837841125
Kpele-Centre,TG040706,Kpele,Plateaux,114.70026183,7.180428,0.84874027,14.041194437620264,116.40798501693827
Kpele-Dawlotou,TG040707,Kpele,Plateaux,246.24444989,7.0136365,0.84043889,17.782635922975658,99.67051562794909
Kpele-Dutoe,TG040708,Kpele,Plateaux,29.65514203,7.261518,0.8966666,23.219161665588203,123.26306675468786
Kpele-Nord,TG040709,Kpele,Plateaux,95.46570991,7.2898355,0.869168,23.17053361655762,127.14354902559413
Kpendjaga / Papri,TG051801,Naki-Ouest,Savanes,47.89149136,10.9937475,0.42424631,27.493681235646598,538.2101299306021
Kpessi,TG040505,Est-Mono,Plateaux,242.47174788,8.1172915,1.30250948,40.654070389204115,213.11696526426363
Kpete Bena,TG040206,Wawa,Plateaux,123.87617207,7.438855,0.57934915,37.868089355933925,154.5789299370545
Kpetsou,TG030205,Bas-Mono,Maritime,35.1716949,6.5403915,1.58603307,6.844290061659115,56.54291161842952
Kpime,TG041207,Kloto,Plateaux,70.57952725,7.008336,0.63285968,10.610373438530347,110.64144730207511
Kpome,TG030813,Zio,Maritime,82.50004376,6.339109,1.34204796,10.289435958056627,21.716489514180598
Kri-Kri,TG010408,Tchamba,Centrale,137.52206254,9.2061325,1.45717845,20.881952355561086,334.3986464664601
Lama,TG020706,Kozah,Kara,71.01199063,9.591018,1.19489025,4.691958566064384,375.89898637877207
Lama-Dessi,TG020304,Binah,Kara,39.88286514,9.7297905,1.26170989,17.333694345430306,391.2769451276969
Lama-Tessi,TG010510,Tchaoudjo,Centrale,469.86990034,8.870509,1.08031773,13.370590041640972,296.5607132852788
Landa,TG020707,Kozah,Kara,31.89149616,9.6679565,1.27208708,16.115170214577677,384.4551447776246
Landa-Pozenda/Kpinzinde,TG020708,Kozah,Kara,146.50040617,9.494204,1.28570414,12.164262639053982,365.26840661352185
Langabou,TG010110,Blitta,Centrale,225.58189205,8.1394155,1.16451933,28.004619509714257,215.3972953360637
Larni,TG010409,Tchamba,Centrale,75.47808576,9.086152,1.42174337,7.135760810798972,320.8706284549169
Lassa,TG020709,Kozah,Kara,67.0008606,9.608007,1.23401773,8.30248534296757,377.777936437345
Lavie/ Apedome,TG041208,Kloto,Plateaux,83.51006711,7.032039,0.65056944,13.385478838474427,111.68882021481787
Legbassito,TG030903,Agoe-Nyive,Maritime,24.03144563,6.266788,1.14797176,0.7776482215669306,10.816358735127082
Leon,TG020508,Doufelgou,Kara,78.5804129,9.6860495,0.93049003,21.374209404250102,387.6754725627757
Loko,TG051404,Oti,Savanes,78.9787881,10.5111295,0.22895824,31.117683877554903,489.92656626085966
Loko,TG051507,Tandjoare,Savanes,33.12940845,10.595282,0.25195911,30.1061449360904,498.4621743915552
Lokpano,TG051508,Tandjoare,Savanes,71.6258994,10.594893,0.11913572,31.08245816738481,501.75082409843276
Lome Commune,TG030501,Lome Commune,Maritime,104.57055,6.15666383,1.24556024,0.7236560835935449,4.915199200210209
Lotogou/Warkambou,TG051606,Tone,Savanes,122.6384719,10.8304695,-0.00793308,23.414653951555746,530.4803842188143
Louanga,TG051607,Tone,Savanes,65.32923762,10.889621,0.33237456,14.246244440982233,528.6195681681479
M'Poti,TG010111,Blitta,Centrale,264.64134095,8.3045665,0.80184987,23.077608074032973,237.96781305322276
Mamproug,TG051509,Tandjoare,Savanes,99.34828477,10.6694205,-0.03167076,33.49429216628975,513.9616115533514
Mandouri,TG051303,Kpendjal,Savanes,372.9438971,10.885635,0.80339601,61.59333868101897,521.1011675415737
Manga,TG020208,Bassar,Kara,73.99154392,9.5655165,0.7045408,17.105933294879858,377.2931724180671
Mango,TG051405,Oti,Savanes,341.26365717,10.3597985,0.4361702,3.2372278755153006,468.8885259526762
Massedena,TG020509,Doufelgou,Kara,89.51140067,9.9713175,1.25455257,21.94838099030684,417.98170451573634
Mission-Tove,TG030814,Zio,Maritime,56.52374973,6.300966,1.12641845,4.915543124954334,15.252886278178618
Mogou,TG051904,Oti-Sud,Savanes,429.8487155,10.4521835,0.65546863,16.664640231417263,475.19283080495416
Mome-Hounkpati,TG030606,Vo,Maritime,42.03791153,6.502912,1.55479811,8.214083448143615,51.19628953374252
Moretan,TG040506,Est-Mono,Plateaux,738.25204025,8.199399,1.40608624,46.41865609382206,222.99315630544447
Nadjoundi,TG051706,Cinkasse,Savanes,27.7251985,10.99867,0.19407213,13.603414818417129,543.4433244374168
Nadoba,TG020606,Keran,Kara,200.61413622,10.140751,1.05556653,20.0994002434091,437.05832228370764
Nagbeni,TG051406,Oti,Savanes,152.82690267,10.624315,0.44480919,29.857275724295327,497.5253985291522
Naki-Est,TG051802,Naki-Ouest,Savanes,267.0533836,10.727854,0.36684609,23.311341228361798,510.32556443384215
Naki-Ouest,TG051608,Tone,Savanes,102.61215061,10.917929,0.06218005,16.076602303110366,537.9625712526812
Nali,TG051905,Oti-Sud,Savanes,322.81509301,10.052864,0.49013636,33.580861034153436,434.41169157457483
Namare,TG051609,Tone,Savanes,51.67101322,10.9706955,0.07232126,13.461414377656489,543.3765793682171
Namon,TG020407,Dankpen,Kara,141.89661729,9.6956505,0.80803007,21.918612475522323,390.057060992112
Namoundjoga,TG051803,Naki-Ouest,Savanes,197.33483536,10.8984285,0.44563405,26.67200657591305,527.4201523245357
Nampoch,TG020408,Dankpen,Kara,123.24542845,9.8183765,0.66274196,15.67877626058419,405.64405221866934
Nandoga,TG051510,Tandjoare,Savanes,47.36131426,10.6344155,0.22949759,25.462884905962834,503.2235845647056
Nandouta,TG020409,Dankpen,Kara,358.47275677,9.5176335,0.39241666,30.264481125893315,378.80082798965765
Nanergou,TG051610,Tone,Savanes,55.35042773,10.926721,0.14447621,8.49989050732356,536.835831129053
Nano,TG051511,Tandjoare,Savanes,64.05930247,10.696531,0.09591717,21.867971671099312,513.2833318783158
Natchibore,TG020410,Dankpen,Kara,182.02539185,9.81733,0.78173025,23.841210761608874,403.7656565614928
Natchitikpi,TG020411,Dankpen,Kara,127.07827984,9.724028,0.71328196,12.195153126051508,394.5061429747118
Natigou,TG051611,Tone,Savanes,23.72926697,10.987321,0.26402906,14.012141855560017,540.6627289032086
Naware,TG020412,Dankpen,Kara,234.14623215,9.6101805,0.47223812,17.22955073319518,386.7883347602466
Nayega,TG051804,Naki-Ouest,Savanes,27.09878879,10.7426595,0.41588119,26.78993333378689,510.97385469071367
Niamtougou,TG020510,Doufelgou,Kara,109.15117224,9.7093655,1.02574452,10.961524097605018,389.5425383167464
Nioukpourma,TG051612,Tone,Savanes,75.90694517,10.8380545,0.13685355,7.79601801574614,527.4588366856175
Noepe,TG030106,Ave,Maritime,37.3412055,6.277793,1.03944995,9.369459358429374,20.616764808658907
Notse,TG040607,Haho,Plateaux,560.26376764,6.926579,1.05355835,13.321012050789573,83.05140080513888
Nyamassila,TG040507,Est-Mono,Plateaux,140.46322381,7.9645215,1.20081982,22.09073209642577,195.99195987679516
Ogaro,TG051805,Naki-Ouest,Savanes,116.78989693,10.7739815,0.47819253,31.634030434290086,513.2528889151475
Ogou,TG040907,Ogou,Plateaux,248.58167434,7.6274035,1.26142424,16.450867600612995,158.79504318859708
Okou,TG040207,Wawa,Plateaux,125.30312074,7.5675905,0.84132725,44.292239379241735,157.51061848509363
Okpahoe,TG040110,Amou,Plateaux,15.17900617,7.6196775,1.01006244,25.48666636501071,159.41841124749297
Ossacre,TG020607,Keran,Kara,270.62620699,10.068803,0.74346444,29.10203341246037,431.89281014521015
Otadi,TG040111,Amou,Plateaux,347.17736351,7.720024,0.93864852,28.45307767274962,171.62879033106265
Ouma-Amlame,TG040112,Amou,Plateaux,109.41960507,7.460545,0.91994578,31.406712347600543,143.91425726215627
Ounabe,TG040208,Wawa,Plateaux,70.56120823,7.558954,0.94560234,35.23392699707897,153.97372678184416
Ountivou,TG040908,Ogou,Plateaux,444.35822378,7.4182145,1.55545581,44.193035143910784,140.7833099828838
Pagala Gare,TG010112,Blitta,Centrale,184.09882581,8.178033,0.99438571,17.892857611594494,220.92244429289445
Pagala Village,TG010113,Blitta,Centrale,94.22241754,8.186239,0.88832992,21.477906494393707,223.4022139591226
Pagouda,TG020305,Binah,Kara,132.57974435,9.758779,1.33448568,24.869425337783483,394.66976361637495
Pallakoko,TG041106,Anie,Plateaux,139.15033139,7.874308,1.11580057,14.782528308627493,186.31513156897464
Pana,TG051613,Tone,Savanes,105.75682376,10.765686,0.2747161,13.296975569665326,516.3886877305121
Pessare,TG020306,Binah,Kara,66.568406,9.807075,1.23120414,14.279275958577367,399.79560743459393
Pesside,TG020608,Keran,Kara,311.09619853,10.075481,0.85507938,24.887157170235696,431.3177214023793
Pitikita,TG020307,Binah,Kara,19.2039814,9.766478,1.2693552,17.71159177774923,395.3465589752416
Pligou,TG051512,Tandjoare,Savanes,29.628518,10.6819795,0.265867,21.16926306516696,507.51965109073274
Pogno,TG051806,Naki-Ouest,Savanes,93.34669235,10.962097,0.56638646,40.88513332555263,532.4172591390925
Poissongui,TG051614,Tone,Savanes,33.59192507,11.042244,0.20939968,18.406507177745066,547.8157212746946
Pouda,TG020511,Doufelgou,Kara,41.13421857,9.9046845,1.26039708,22.720385125530996,410.6189369311256
Pya,TG020710,Kozah,Kara,54.42732222,9.6496375,1.11910725,12.892989367163427,382.5222920689261
Sadori,TG051407,Oti,Savanes,156.16488614,10.248039,0.43698388,12.271899449152798,456.72111574688296
Sagbado,TG030304,Golfe,Maritime,56.87149953,6.1897115,1.1261315,1.2930758400309794,7.560874208272531
Sagbiebou,TG051906,Oti-Sud,Savanes,395.79347515,10.2453485,0.64175279,14.972851930620244,452.7214097217307
Saiboude,TG010204,Plaine du Mo,Centrale,76.1509257,8.5680975,0.56789297,44.817895541002876,272.2389395936809
Saligbe,TG040804,Moyen-Mono,Plateaux,78.02533296,7.2424235,1.5824921,24.53020798667153,123.14187007782816
Sam-Naba,TG051707,Cinkasse,Savanes,53.56694743,11.0545145,0.14258934,11.847553569455895,550.6833646044897
Sanda-Afohou,TG020209,Bassar,Kara,197.15201865,9.476961,0.94465354,14.782238056809602,364.49408092623577
Sanda-Kagbanda,TG020210,Bassar,Kara,271.75138587,9.4909625,0.89275503,9.790294195799165,366.5481280501211
Sanfatoute,TG051615,Tone,Savanes,41.90709246,11.0149615,0.3116688,19.439533872769154,542.6724193962806
Sangou,TG051513,Tandjoare,Savanes,8.86056447,10.5914895,0.06242753,33.79145693627034,502.9318140281501
Sarakawa,TG020711,Kozah,Kara,87.90679517,9.616324,1.01117294,19.640006387729017,379.35684311028575
Sedome,TG030707,Yoto,Maritime,37.95510589,6.7761895,1.58426845,27.36114761494218,76.59419900171581
Seregbene,TG041006,Akebou,Plateaux,169.28518936,7.8709585,0.71439312,54.068629463531444,193.62358300018067
Sessaro,TG010307,Sotouboua,Centrale,135.20138409,8.5966,1.20114707,24.03097258271637,265.9028233374091
Sevagan,TG030607,Vo,Maritime,63.68895772,6.31843,1.42207867,16.221139640221747,27.147137578982154
Siou,TG020512,Doufelgou,Kara,134.27945312,9.851111,1.20031418,13.858427251263508,404.6659522457919
Sirka,TG020308,Binah,Kara,63.28803867,9.542028,1.30838274,13.179728814204397,370.6184102359141
Sissiak,TG051514,Tandjoare,Savanes,54.09855855,10.746446,0.10914865,16.524525029409244,518.3000920508632
Sodo,TG040113,Amou,Plateaux,33.46323742,7.328194,0.82648517,24.11616549744024,132.64003380445791
Sola,TG020309,Binah,Kara,110.64992863,9.9354245,1.32891529,30.117382872537714,414.1786770243453
Somdina,TG020712,Kozah,Kara,46.91911379,9.639526,1.2706104,13.567693623792383,381.3081981797529
Sotouboua,TG010308,Sotouboua,Centrale,579.98169108,8.5575155,0.87444211,11.061060149903101,264.2360499644728
Soudou,TG020106,Assoli,Kara,209.46292059,9.3568495,1.34651354,11.267523350143287,350.2950371771978
Tabinde,TG010309,Sotouboua,Centrale,192.42895753,8.5193585,1.13122986,16.68732819622955,257.5143773531268
Tabligbo,TG030708,Yoto,Maritime,40.59467215,6.5749365,1.48388925,18.26280499490583,51.93198649271614
Tado,TG040805,Moyen-Mono,Plateaux,180.43164662,7.141002,1.56924741,13.875189090247625,112.10487229148067
Takpamba,TG051907,Oti-Sud,Savanes,237.91991285,9.9592285,0.58860186,30.17303244090781,422.31910821150177
Tambigou,TG051304,Kpendjal,Savanes,163.47124125,10.744621,0.775575,45.78693969397906,505.84671107191895
Tambonga,TG051807,Naki-Ouest,Savanes,36.07859284,10.939138,0.45331467,28.270313458706067,531.7315381350293
Tami,TG051616,Tone,Savanes,74.56768839,10.868631,0.04151518,17.676944520831405,533.2133315134943
Tamongue,TG051515,Tandjoare,Savanes,145.62593603,10.5101335,0.17201678,36.42351283310677,491.25362236851794
Tampialime,TG051516,Tandjoare,Savanes,109.07977832,10.752496,0.06671893,19.330902014425277,520.0720393371814
Tchalo,TG010511,Tchaoudjo,Centrale,217.53714626,8.967909,0.99545442,15.807287914363721,307.91279776258096
Tchaloude,TG010114,Blitta,Centrale,99.71995109,8.3156445,1.15149277,15.852918167205427,234.92132397205964
Tchamba,TG010410,Tchamba,Centrale,285.42107839,8.992314,1.45483781,5.431957623811663,310.8115896902403
Tchamonga,TG051908,Oti-Sud,Savanes,297.50369016,10.578473,0.74173067,27.300735322702906,487.9385546841194
Tchanaga,TG051408,Oti,Savanes,266.75963726,10.533447,0.50644495,20.22229803875948,486.4819712597631
Tchare,TG020713,Kozah,Kara,6.9887057,9.660101,1.17870918,12.281385462362671,383.55481090581907
Tchare-Baou,TG010115,Blitta,Centrale,167.29570238,8.048226,1.0435529,32.417178916019445,206.09258005145887
Tchebebe,TG010310,Sotouboua,Centrale,425.34907119,8.4313135,0.83496763,21.084380568250083,251.11158161751197
Tchekpo,TG030709,Yoto,Maritime,171.68654892,6.522515,1.37781262,22.368878383992836,40.874230337396135
Tchifama,TG010116,Blitta,Centrale,66.08988293,8.1765545,0.81582476,27.820947807817486,223.77549347350163
Tchitchao,TG020714,Kozah,Kara,60.56175245,9.5982255,1.09325674,11.60711421834805,376.9278973133337
Tchore,TG020513,Doufelgou,Kara,89.46722407,9.844297,0.94206765,17.319376487363993,405.03025871028285
Temedja,TG040114,Amou,Plateaux,82.67910836,7.463156,1.067738,19.506216420970294,141.43665919052384
Tenega,TG020514,Doufelgou,Kara,19.47327144,9.8343735,1.14312861,8.52517914944339,402.88942053761133
Timbou,TG051708,Cinkasse,Savanes,77.59289448,11.0348575,0.11192466,9.847148175690005,549.2995677432236
Tindjassi,TG010205,Plaine du Mo,Centrale,304.59722145,8.6576895,0.51378521,51.869620716513474,283.3872961557277
Tintchro,TG010117,Blitta,Centrale,285.94939215,8.0450105,0.77147694,41.724684254756795,210.6050869907465
Titigbe,TG010311,Sotouboua,Centrale,135.50177375,8.5970955,1.09396735,12.547818047441437,266.2794517272008
Toaga,TG051617,Tone,Savanes,41.06436571,10.890121,0.24742628,5.114951534084534,530.4820573486725
Togblekope,TG030904,Agoe-Nyive,Maritime,26.0838672,6.26304126,1.21844702,1.30148086134851,7.840784083306618
Togoville,TG030608,Vo,Maritime,77.2915368,6.2559935,1.46966189,17.06337420225068,29.419485062213504
Tohoun,TG040806,Moyen-Mono,Plateaux,112.91748905,7.0528345,1.60018921,3.5449180568633927,104.40092251471366
Tokpli,TG030710,Yoto,Maritime,79.48497246,6.6277465,1.57326266,15.850509804197813,62.59734509950673
Tome,TG041209,Kloto,Plateaux,29.52867054,6.817672,0.65443538,7.584421263926295,92.63411570440631
Tomegbe,TG040209,Wawa,Plateaux,93.8977092,7.5197915,0.59807356,45.353359382396576,161.73265160694035
Tomety-Kondji,TG030711,Yoto,Maritime,157.14037738,6.8246885,1.54342999,23.053738806018476,78.96686843424241
Tove,TG041210,Kloto,Plateaux,37.52211023,6.871419,0.65531955,3.921216112014798,97.08900393872742
Tovegan,TG030107,Ave,Maritime,188.80213605,6.6162905,0.9155744,18.45302057265674,57.180281030037236
Tsevie,TG030815,Zio,Maritime,116.95159486,6.4936375,1.19877718,9.218279408500827,33.33644481552434
Vakpossito,TG030905,Agoe-Nyive,Maritime,4.03594393,6.214873,1.1633662,0.5438750992434972,5.83849481431213
Veh,TG041007,Akebou,Plateaux,33.91341298,7.67406,0.70900105,54.28944115944318,173.04282402828727
Vo-Koutime,TG030610,Vo,Maritime,61.68650901,6.398733,1.53695039,14.752455411026329,42.62576066550614
Vogan,TG030609,Vo,Maritime,161.9336999,6.360466,1.50164628,20.510563797557282,37.09221051010414
Wahala,TG040608,Haho,Plateaux,444.20850382,7.2075155,1.28973092,14.276098232317743,112.59121828144944
Waragni,TG010118,Blitta,Centrale,42.96547975,8.2521635,1.00891483,9.626039714620157,228.91184447743413
Warengo,TG020609,Keran,Kara,68.27792034,10.0819295,1.11147632,15.193599414234852,430.34795988955585
Wassarabo,TG010512,Tchaoudjo,Centrale,46.54084623,9.003732,1.26140535,12.840676897415308,310.9766762686325
Welly,TG010119,Blitta,Centrale,294.06409083,8.0535255,0.91580719,33.206507237292705,208.42573536924868
Wli,TG030816,Zio,Maritime,49.75528926,6.3971465,1.12262367,9.531685386741382,24.68063178470046
Wome,TG041211,Kloto,Plateaux,28.77060176,6.8477275,0.55814018,10.260295729829668,102.36717299571258
Yade,TG020715,Kozah,Kara,19.57570428,9.595022,1.14526711,6.805481633030993,376.4133772270348
Yalla,TG041008,Akebou,Plateaux,95.23830434,7.8277485,0.66327169,58.83677670686607,190.76736894660158
Yaloumbe,TG010120,Blitta,Centrale,79.87229037,8.3333705,1.09352962,9.235710231636409,237.15047850187239
Yegue,TG010121,Blitta,Centrale,166.51759461,8.1621405,0.70692491,38.56725911102151,224.89579753771332
Yikpa,TG040405,Danyi,Plateaux,17.32860351,7.1292065,0.61654525,12.680387252046197,122.74762864425747
Yokele,TG041212,Kloto,Plateaux,38.33505891,6.937951,0.68000734,5.980043954931226,101.27483598006503
Zafi,TG030712,Yoto,Maritime,155.05688769,6.7097305,1.29181766,14.338908746428212,57.8904403058738
Zanguera,TG030906,Agoe-Nyive,Maritime,21.98281154,6.235796,1.12626888,1.768383260712525,10.237556595505852
