region,prefecture,commune,population,population_partagee_avec,agences,agences_actives,agences_moov,agences_togocom,data_centers,points_mm,mm_moov,mm_togocom,mm_operateur_inconnu,population_fiable,hab_par_point_mm,points_mm_pour_10k_hab,dist_agence_km,agences_pour_100k_hab,D1_deficit_mm,D2_deficit_agences,D3_eloignement,D4_enjeu_demographique,DCPI,DCPI_rang,n_D1_deficit_mm,n_D2_deficit_agences,n_D3_eloignement,n_D4_enjeu_demographique,rang_DCPI
Savanes,Kpendjal,Kpendjal 2,40462,,0,0,0,0,0,5,2,4,1,True,8092.4,1.2357273491176908,44.59788594363024,0.0,8092.4,-0.0,44.59788594363024,40462,76.25327312046603,77.47863247863248,100.0,100.0,77.86379956025897,8.936616152006486,1
Centrale,Blitta,Blitta 3,45218,,0,0,0,0,0,6,3,6,0,True,7536.333333333333,1.3269052147374938,29.049851655006517,0.0,7536.333333333333,-0.0,29.049851655006517,45218,67.57882124248053,76.7948717948718,93.00743267563695,100.0,50.44331093460285,10.32881853069373,2
Centrale,Mô,Mô 2,21926,,0,0,0,0,0,7,2,7,0,True,3132.285714285714,3.192556781902764,57.149609880997005,0.0,3132.285714285714,-0.0,57.149609880997005,21926,61.990022611366754,73.2905982905983,37.626304257177644,100.0,100.0,3.510656671067306,3
Savanes,Kpendjal,Kpendjal 1,47903,,0,0,0,0,0,36,25,30,1,True,1330.638888888889,7.5151869402751394,54.168312923010255,0.0,1330.638888888889,-0.0,54.168312923010255,47903,55.399655090296214,78.11965811965811,14.97050149735461,100.0,94.74218941065796,11.114786442126709,4
Centrale,Blitta,Blitta 2,46515,,0,0,0,0,0,9,6,7,1,True,5168.333333333333,1.9348597226701063,19.077875046002774,0.0,5168.333333333333,-0.0,19.077875046002774,46515,54.32479665925561,71.7094017094017,63.22970921785305,100.0,32.856748793910526,10.708483477110331,5
Centrale,Mô,Mô 1,30522,,0,0,0,0,0,25,8,19,6,True,1220.88,8.190813183932901,51.3499197230622,0.0,1220.88,-0.0,51.3499197230622,30522,52.72538720976581,71.19658119658119,13.590277747199645,100.0,89.77167563076823,6.026924889569313,6
Plateaux,Est-Mono,Est-Mono 2,101866,,0,0,0,0,0,99,65,85,5,True,1028.949494949495,9.718649991164863,42.34810154049558,0.0,1028.949494949495,-0.0,42.34810154049558,101866,52.209269624552185,79.74358974358974,11.176741639722135,100.0,73.89608335310663,26.911131471794437,7
Plateaux,Wawa,Wawa 1,51187,,0,0,0,0,0,172,114,163,4,True,297.5988372093023,33.60228182937074,51.85604935018193,0.0,297.5988372093023,-0.0,51.85604935018193,51187,50.67528133953517,56.70940170940171,1.9799689890228855,100.0,90.66428503887191,12.076096915551627,8
Plateaux,Akébou,Akébou 1,44196,,0,0,0,0,0,63,36,50,12,True,701.5238095238095,14.254683681781156,46.23227231213228,0.0,701.5238095238095,-0.0,46.23227231213228,44196,49.31028478292229,67.94871794871796,7.0593465748651205,100.0,80.74620076902326,10.029653091034698,9
Plateaux,Wawa,Wawa 3,29699,,0,0,0,0,0,56,39,54,0,True,530.3392857142857,18.855853732448903,48.89259000045745,0.0,530.3392857142857,-0.0,48.89259000045745,29699,48.98869324977844,59.01709401709401,4.906692263103118,100.0,85.43793282718617,5.7860118202548465,10
Plateaux,Akébou,Akébou 2,29634,,0,0,0,0,0,24,18,17,4,True,1234.75,8.098805426199636,41.24434983140416,0.0,1234.75,-0.0,41.24434983140416,29634,48.27018219605736,70.04273504273505,13.764693720324416,100.0,71.94950858855042,5.766984664112149,11
Plateaux,Ogou,Ogou 4,29048,,0,0,0,0,0,21,20,13,0,True,1383.2380952380952,7.229413384742496,37.64738499554813,0.0,1383.2380952380952,-0.0,37.64738499554813,29048,47.21014806094939,71.19658119658119,15.631939259502236,100.0,65.6059071057159,5.59544753334875,12
Plateaux,Anié,Anié 2,79413,,0,0,0,0,0,48,41,48,0,True,1654.4375,6.04435042121567,26.453470998436735,0.0,1654.4375,-0.0,26.453470998436735,79413,46.246483562984906,81.1111111111111,19.04228591360511,100.0,45.8643381242948,20.338566289148375,13
Plateaux,Wawa,Wawa 2,20414,,0,0,0,0,0,16,9,16,0,True,1275.875,7.837758401097286,36.9658532182199,0.0,1275.875,-0.0,36.9658532182199,20414,45.99915365703713,67.47863247863246,14.281842739412829,100.0,64.4039587435409,3.0680557466402436,14
Kara,Kéran,Kéran 3,30983,,0,0,0,0,0,10,8,9,0,True,3098.3,3.2275764128715747,19.8470570259502,0.0,3098.3,-0.0,19.8470570259502,30983,45.94537313415819,67.26495726495726,37.198932128159385,100.0,34.213276914487174,6.161871335442908,15
Plateaux,Moyen-Mono,Moyen-Mono 2,43708,,0,0,0,0,0,42,39,41,0,True,1040.6666666666667,9.609224855861628,33.848929782317605,0.0,1040.6666666666667,-0.0,33.848929782317605,43708,45.10132569511359,69.74358974358975,11.32408568495073,100.0,58.90695751273354,9.886803057224904,16
Plateaux,Amou,Amou 2,40016,,0,0,0,0,0,31,22,27,0,True,1290.8387096774193,7.746901239504199,31.920643411040135,0.0,1290.8387096774193,-0.0,31.920643411040135,40016,44.978774449526284,71.66666666666667,14.470012168752675,100.0,55.506234724946204,8.806060588319669,17
Kara,Kéran,Kéran 2,53305,,0,0,0,0,0,38,18,33,4,True,1402.7631578947369,7.128787168183097,28.759478963132146,0.0,1402.7631578947369,-0.0,28.759478963132146,53305,44.7852608070481,76.75213675213675,15.877467940365994,100.0,49.931210115493634,12.696089480324456,18
Centrale,Tchamba,Tchamba 2,64930,,0,0,0,0,0,85,54,76,9,True,763.8823529411765,13.091021099645772,32.15768327184225,0.0,763.8823529411765,-0.0,32.15768327184225,64930,44.55392664978126,73.16239316239316,7.843508509456576,100.0,55.92427784771621,16.099023175076184,19
Maritime,Yoto,Yoto 3,54086,,0,0,0,0,0,27,24,13,0,True,2003.1851851851848,4.992049698628111,22.583419888366702,0.0,2003.1851851851848,-0.0,22.583419888366702,54086,44.37306401731085,75.38461538461539,23.427806237079228,100.0,39.03912212113556,12.924708079515948,20
Savanes,Oti-Sud,Oti-Sud 2,44324,,0,0,0,0,0,39,16,28,6,True,1136.5128205128206,8.798844869596607,31.011610715635296,0.0,1136.5128205128206,-0.0,31.011610715635296,44324,44.24799773651736,70.5982905982906,12.5293560665905,100.0,53.90306610427136,10.067121952361855,21
Savanes,Kpendjal-Ouest,Kpendjal-Ouest 2,66871,,0,0,0,0,0,56,40,49,0,True,1194.125,8.37433267036533,27.427991341775595,0.0,1194.125,-0.0,27.427991341775595,66871,44.20534049846499,76.28205128205127,13.253832227303947,100.0,47.583000657059195,16.667203330045048,22
Kara,Dankpen,Dankpen 3,76652,,0,0,0,0,0,37,16,23,12,True,2071.675675675676,4.827010384595314,17.990536002630197,0.0,2071.675675675676,-0.0,17.990536002630197,76652,43.92757341115333,75.94017094017093,24.289077725809726,100.0,30.939119380599735,19.530351241302395,23
Plateaux,Haho,Haho 2,82507,,0,0,0,0,0,54,45,39,5,True,1527.9074074074074,6.544899220672185,21.0531440965172,0.0,1527.9074074074074,-0.0,21.0531440965172,82507,43.56928334513804,78.16239316239316,17.45116340249446,100.0,36.34033016032618,21.24425892154079,24
Plateaux,Ogou,Ogou 1,116301,,0,0,0,0,0,271,147,196,31,True,429.1549815498155,23.30160531723717,23.665603381177785,0.0,429.1549815498155,-0.0,23.665603381177785,116301,42.55452786485627,64.61538461538461,3.634294362901308,100.0,40.94765921364835,31.136623762868943,25
Savanes,Oti,Oti 2,70369,,0,0,0,0,0,160,119,116,9,True,439.80625,22.737284883968798,28.52174742388641,0.0,439.80625,-0.0,28.52174742388641,70369,42.0466885843222,63.97435897435897,3.7682346189757223,100.0,49.51194714971685,17.691157056001312,26
Savanes,Tandjoaré,Tandjoaré 1,74692,,0,0,0,0,0,66,62,50,3,True,1131.6969696969695,8.836287688105822,21.900209249634685,0.0,1131.6969696969695,-0.0,21.900209249634685,74692,41.99051403830933,73.58974358974359,12.468796491502513,100.0,37.83421292165007,18.956609302230277,27
Maritime,Agoè-Nyivé,Agoè-Nyivé 2,128164,,1,1,0,1,0,37,28,33,3,True,3463.891891891892,2.886926125901189,1.3927449349125853,0.7802503042976187,3463.891891891892,-0.7802503042976187,1.3927449349125853,128164,41.8276129152723,61.06837606837607,41.79626922915802,87.80026632543719,1.6672813633416845,34.609226121650856,28
Plateaux,Ogou,Ogou 2,56282,,0,0,0,0,0,44,27,36,1,True,1279.1363636363635,7.817774777015742,21.177737282650444,0.0,1279.1363636363635,-0.0,21.177737282650444,56282,41.15037863995765,73.11965811965811,14.322854557174193,100.0,36.560062505893534,13.567533231660017,29
Plateaux,Amou,Amou 1,19746,,0,0,0,0,0,43,35,38,0,True,459.2093023255814,21.7765623417401,32.785339977646714,0.0,459.2093023255814,-0.0,32.785339977646714,19746,41.035974784175224,52.86324786324787,4.012229013565281,100.0,57.03121221915125,2.8725151265891333,30
Savanes,Kpendjal-Ouest,Kpendjal-Ouest 1,56459,,0,0,0,0,0,73,59,56,1,True,773.4109589041096,12.929736623036186,24.478697521672714,0.0,773.4109589041096,-0.0,24.478697521672714,56459,40.708276183899585,69.87179487179488,7.963331226222797,100.0,42.3816307509598,13.619345641463978,31
Maritime,Lacs,Lacs 1,52994,,0,0,0,0,0,172,142,141,16,True,308.1046511627907,32.45650450994452,28.29375085772547,0.0,308.1046511627907,-0.0,28.29375085772547,52994,40.4320976071894,54.27350427350427,2.1120801472179465,100.0,49.109852767041154,12.605051856318624,32
Maritime,Zio,Zio 1,307292,,4,4,2,2,0,508,427,421,38,True,604.9055118110236,16.53150749124611,3.2686360067926525,1.3016935032477253,604.9055118110236,-1.3016935032477253,3.2686360067926525,307292,40.31790962349375,50.55555555555556,5.844366443846045,79.64715428105298,4.975599884165478,87.04455574517661,33
Plateaux,Amou,Amou 3,54410,,0,0,0,0,0,101,67,96,0,True,538.7128712871287,18.562764197757765,25.21796119216963,0.0,538.7128712871287,-0.0,25.21796119216963,54410,40.02885613552738,62.43589743589743,5.011990538245942,100.0,43.68539498841414,13.019551134750321,34
Maritime,Yoto,Yoto 1,77353,,1,0,0,1,0,82,62,53,0,True,943.329268292683,10.6007523948651,18.196261656243376,0.0,943.329268292683,-0.0,18.196261656243376,77353,39.80261341242288,69.87179487179486,10.100062825626136,100.0,31.30193681720864,19.735551802164412,35
Maritime,Vo,Vo 1,88865,,0,0,0,0,0,211,199,149,10,True,421.1611374407583,23.74388116806392,20.488460941628816,0.0,421.1611374407583,-0.0,20.488460941628816,88865,39.517326871360545,60.72649572649573,3.533771356463749,100.0,35.344455843465056,23.105407517775756,36
Maritime,Yoto,Yoto 2,43412,,0,0,0,0,0,51,40,36,0,True,851.2156862745098,11.747903805399428,22.151633880281597,0.0,851.2156862745098,-0.0,22.151633880281597,43412,39.21195643230755,63.97435897435898,8.94172972932417,100.0,38.277625001716544,9.800156315405848,37
Maritime,Lacs,Lacs 2,42855,,0,0,0,0,0,40,30,26,5,True,1071.375,9.3338000233345,20.006481088328293,0.0,1071.375,-0.0,20.006481088328293,42855,39.06410425254153,64.14529914529915,11.710244577623637,100.0,34.49443693818824,9.637108223536885,38
Savanes,Tandjoaré,Tandjoaré 2,64175,,0,0,0,0,0,93,83,76,0,True,690.0537634408602,14.491624464355278,20.417560461475816,0.0,690.0537634408602,-0.0,20.417560461475816,64175,39.0549900991432,65.47008547008546,6.915110147370991,100.0,35.21941586905418,15.87801543834177,39
Plateaux,Est-Mono,Est-Mono 3,27942,,0,0,0,0,0,41,37,40,0,True,681.5121951219512,14.673251735738315,24.625027641954798,0.0,681.5121951219512,-0.0,24.625027641954798,27942,38.756573054604296,58.97435897435897,6.807699480438457,100.0,42.63969831913602,5.271693153443769,40
Kara,Binah,Binah 1,44039,,0,0,0,0,0,92,59,89,2,True,478.6847826086956,20.890574263720797,23.905528360735204,0.0,478.6847826086956,-0.0,23.905528360735204,44039,38.616576928032174,56.623931623931625,4.25713419349691,100.0,41.37079052728191,9.983695190813103,41
Kara,Dankpen,Dankpen 2,32716,,0,0,0,0,0,31,12,27,3,True,1055.354838709677,9.475486000733586,19.605684218615664,0.0,1055.354838709677,-0.0,19.605684218615664,32716,38.233368035923,61.58119658119658,11.508790214172484,100.0,33.787592214080895,6.669164590755145,42
Plateaux,Agou,Agou 2,27465,,0,0,0,0,0,50,40,39,3,True,549.3,18.20498816675769,24.42178944588719,0.0,549.3,-0.0,24.42178944588719,27465,38.14026682979263,53.675213675213676,5.1451242337796605,100.0,42.28126775871153,5.132063099904278,43
Savanes,Tône,Tône 3,60276,,0,0,0,0,0,83,66,68,1,True,726.2168674698795,13.769991373017453,17.82378850477217,0.0,726.2168674698795,-0.0,17.82378850477217,60276,37.819555618254974,64.70085470085469,7.369863065931466,100.0,30.645043757694907,14.736678795259017,44
Plateaux,Est-Mono,Est-Mono 1,34652,,0,0,0,0,0,69,48,63,6,True,502.2028985507246,19.91227057601293,23.044121810824176,0.0,502.2028985507246,-0.0,23.044121810824176,34652,37.775942767273925,54.48717948717949,4.5528757276057945,100.0,39.85161530130601,7.23588111832842,45
Kara,Bassar,Bassar 2,36476,,0,0,0,0,0,54,22,31,22,True,675.4814814814815,14.804254852505755,21.099704284765053,0.0,675.4814814814815,-0.0,21.099704284765053,36476,37.67913226967492,58.63247863247864,6.731862941992937,100.0,36.42244363451583,7.769812392240433,46
Maritime,Golfe,Golfe 7,257813,,2,2,1,1,0,777,575,659,102,True,331.8056628056628,30.138123368488014,1.4252782766710632,0.7757560712609527,331.8056628056628,-0.7757560712609527,1.4252782766710632,257813,37.63399327616979,40.47008547008547,2.410121604300363,87.87053665512083,1.72465711329714,72.56079176387593,47
Kara,Doufelgou,Doufelgou 3,28262,,0,0,0,0,0,40,22,36,2,True,706.55,14.153280022645246,20.86804556558066,0.0,706.55,-0.0,20.86804556558066,28262,37.21331108714001,57.863247863247864,7.122551182148124,100.0,36.013890684572985,5.365365306761666,48
Maritime,Golfe,Golfe 1,351550,,8,8,5,3,0,1256,1008,1093,110,True,279.89649681528664,35.72749253306784,1.2464244239360265,2.275636467074385,279.89649681528664,-2.275636467074385,1.2464244239360265,351550,36.98424271280112,30.897435897435898,1.757361135640894,64.41890674631394,1.4092307421214458,100.0,49
Maritime,Zio,Zio 2,96193,,0,0,0,0,0,81,55,57,19,True,1187.567901234568,8.420571143430395,7.171222311209421,0.0,1187.567901234568,-0.0,7.171222311209421,96193,36.96606160241713,66.45299145299145,13.171376368468469,100.0,11.858194904501888,25.250499828755597,50
Maritime,Agoè-Nyivé,Agoè-Nyivé 1,317255,,7,7,1,6,0,446,291,428,18,True,711.3340807174887,14.05809207104695,0.775757605441835,2.2064270066665617,711.3340807174887,-2.2064270066665617,0.775757605441835,317255,36.66706088433628,45.128205128205124,7.1827112465928415,65.50104279943054,0.5791634870963648,89.96097969363352,51
Maritime,Vo,Vo 4,46499,,0,0,0,0,0,113,110,87,3,True,411.4955752212389,24.30159788382546,18.435538294346426,0.0,411.4955752212389,-0.0,18.435538294346426,46499,36.09540907539832,51.623931623931625,3.412226407630618,100.0,31.723924716880987,10.703799869444437,52
Maritime,Lacs,Lacs 4,37222,,0,0,0,0,0,86,73,60,13,True,432.8139534883721,23.10461554994358,18.664750754701018,0.0,432.8139534883721,-0.0,18.664750754701018,37222,35.73376981982759,50.21367521367521,3.6803061257924097,100.0,32.128163448629245,7.9881855996627795,53
Maritime,Lacs,Lacs 3,108176,,0,0,0,0,0,443,397,397,22,True,244.18961625282168,40.951782280727706,9.978332922743057,0.0,244.18961625282168,-0.0,9.978332922743057,108176,35.34635210663083,47.52136752136752,1.3083452509579543,100.0,16.80881072934839,28.758229245031718,54
Centrale,Sotouboua,Sotouboua 2,64187,,0,0,0,0,0,107,73,102,3,True,599.8785046728972,16.670042220387305,12.677330729026801,0.0,599.8785046728972,-0.0,12.677330729026801,64187,35.30284084447467,59.01709401709401,5.781151566996622,100.0,21.56875898222977,15.88152814409119,55
Kara,Binah,Binah 2,40160,,0,0,0,0,0,120,70,113,6,True,334.6666666666667,29.8804780876494,18.039755499422057,0.0,334.6666666666667,-0.0,18.039755499422057,40160,35.25995297634714,45.72649572649573,2.446098877013465,100.0,31.025922807122225,8.848213057312721,56
Savanes,Oti-Sud,Oti-Sud 1,106052,,1,1,0,1,0,120,92,96,10,True,883.7666666666667,11.31520386225625,12.70013264295064,0.942933655188021,883.7666666666667,-0.942933655188021,12.70013264295064,106052,35.14900808697083,59.44444444444444,9.351060004829826,85.2566036786985,21.6089724014817,28.136480327384177,57
Savanes,Tône,Tône 4,66577,,0,0,0,0,0,175,115,103,42,True,380.44,26.28535380086216,12.709889113651712,0.0,380.44,-0.0,12.709889113651712,66577,34.6292834113071,52.94871794871795,3.0217009301135334,100.0,21.626178897744772,16.581142039184233,58
Savanes,Tône,Tône 2,50179,,0,0,0,0,0,76,61,60,2,True,660.25,15.145778114350623,12.437897032841137,0.0,660.25,-0.0,12.437897032841137,50179,34.60492733078996,57.350427350427346,6.540326268256487,100.0,21.146494095171885,11.781029632600251,59
Maritime,Vo,Vo 2,24396,,0,0,0,0,0,52,48,26,3,True,469.1538461538461,21.31496966715855,17.26840809863128,0.0,469.1538461538461,-0.0,17.26840809863128,24396,34.504316310544645,46.45299145299145,4.137282170673337,100.0,29.66557575377873,4.233688604489823,60
Centrale,Tchaoudjo,Tchaoudjo 2,24891,,0,0,0,0,0,45,34,37,8,True,553.1333333333333,18.07882367120646,16.429896938081093,0.0,553.1333333333333,-0.0,16.429896938081093,24891,34.48041082346768,48.03418803418803,5.193328600300567,100.0,28.18677880018728,4.3785877166534455,61
Maritime,Bas-Mono,Bas-Mono 2,39478,,0,0,0,0,0,34,30,26,0,True,1161.1176470588234,8.612391711839505,9.152945321662527,0.0,1161.1176470588234,-0.0,9.152945321662527,39478,34.41963338517983,57.22222222222222,12.838763043200979,100.0,15.353158464434996,8.648574280553953,62
Savanes,Cinkassé,Cinkassé 2,52967,,0,0,0,0,0,76,59,70,0,True,696.9342105263158,14.348556648479242,10.345008075930231,0.0,696.9342105263158,-0.0,10.345008075930231,52967,33.98378890420288,57.35042735042735,7.0016321281888185,100.0,17.455478448279028,12.597148268382426,63
Savanes,Tône,Tône 1,211743,,2,2,1,1,0,946,661,892,34,True,223.82980972515853,44.67680159438565,1.3259327634942533,0.9445412599235866,223.82980972515853,-0.9445412599235866,1.3259327634942533,211743,33.825911482560834,34.188034188034194,1.0523196223959876,85.23146770692144,1.5494515237347428,59.07492894088995,64
Maritime,Vo,Vo 3,64651,,0,0,0,0,0,100,97,71,2,True,646.51,15.467664846638105,8.267972359997035,0.0,646.51,-0.0,8.267972359997035,64651,33.56183945686447,57.094017094017104,6.367545051909379,100.0,13.792421552044907,16.01735276640214,65
Centrale,Tchaoudjo,Tchaoudjo 4,20279,,0,0,0,0,0,33,6,33,0,True,614.5151515151515,16.272991764879926,14.092606492184036,0.0,614.5151515151515,-0.0,14.092606492184036,20279,33.41145427931368,49.35897435897436,5.965208164132557,100.0,24.06473707472823,3.0285378069592555,66
Centrale,Tchaoudjo,Tchaoudjo 3,17484,,0,0,0,0,0,65,25,62,2,True,268.9846153846154,37.1768474033402,16.961915385329256,0.0,268.9846153846154,-0.0,16.961915385329256,17484,33.20937853849755,36.581196581196586,1.6201436577495696,100.0,29.125045690432145,2.2103700928232497,67
Plateaux,Danyi,Danyi 2,14420,,0,0,0,0,0,43,33,36,2,True,335.3488372093023,29.81969486823856,16.750310172724504,0.0,335.3488372093023,-0.0,16.750310172724504,14420,33.18705977533308,39.52991452991452,2.4546772071526752,100.0,28.751859072905606,1.3134592248043861,68
Maritime,Agoè-Nyivé,Agoè-Nyivé 4,154431,,1,1,0,1,0,258,102,251,7,True,598.5697674418604,16.70649027721118,1.599668139634175,0.6475383828376426,598.5697674418604,-0.6475383828376426,1.599668139634175,154431,33.1659366175725,48.88888888888889,5.764694128084156,89.87530569207823,2.032210799187102,42.2982462816546,69
Kara,Kozah,Kozah 2,45704,,0,0,0,0,0,127,72,119,7,True,359.87401574803147,27.7875021879923,11.281422821507462,0.0,359.87401574803147,-0.0,11.281422821507462,45704,32.69987590679321,45.299145299145295,2.7630826059191675,100.0,19.1069380092336,10.471083113545285,70
Plateaux,Kpélé,Kpélé 2,27664,,0,0,0,0,0,71,55,71,0,True,389.63380281690144,25.66512434933488,13.397643098494504,0.0,389.63380281690144,-0.0,13.397643098494504,27664,32.689032321816065,42.991452991452995,3.1373134798631472,100.0,22.839100735229394,5.190315470248845,71
Kara,Kozah,Kozah 1,193625,,2,2,1,1,0,1366,782,1315,46,True,141.7459736456808,70.54874112330536,2.1664155348190235,1.0329244673983216,141.7459736456808,-1.0329244673983216,2.1664155348190235,193625,32.48061480901895,34.401709401709404,0.02011110418283203,83.84953733591564,3.031725606962972,53.771328710222264,72
Maritime,Zio,Zio 4,28704,,0,0,0,0,0,48,32,20,16,True,598.0,16.722408026755854,10.825134978702994,0.0,598.0,-0.0,10.825134978702994,28704,32.4017661487812,47.94871794871795,5.757529272797429,100.0,18.30222949294227,5.494749968532011,73
Maritime,Golfe,Golfe 6,181561,,2,2,1,1,0,482,353,431,38,True,376.6825726141079,26.54755151161318,2.062267778618512,1.1015581540088455,376.6825726141079,-1.1015581540088455,2.062267778618512,181561,32.346426701275554,41.75213675213675,2.9744510848391252,82.77640388996903,2.848050789216187,50.239888530137556,74
Kara,Kozah,Kozah 4,20654,,0,0,0,0,0,35,17,34,0,True,590.1142857142858,16.945870049385107,11.577100673166807,0.0,590.1142857142858,-0.0,11.577100673166807,20654,32.23227052361604,46.45299145299145,5.658366004525852,100.0,19.62839499973019,3.1383098616286658,75
Kara,Assoli,Assoli 3,16044,,0,0,0,0,0,28,8,23,5,True,573.0,17.452006980802793,11.913002033945492,0.0,573.0,-0.0,11.913002033945492,16044,32.04591249818608,45.17094017094016,5.443152969400217,100.0,20.220790107149885,1.7888454028927132,76
Kara,Kozah,Kozah 3,23755,,0,0,0,0,0,34,8,32,2,True,698.6764705882352,14.312776257629974,9.736392506883291,0.0,698.6764705882352,-0.0,9.736392506883291,23755,32.011803905127195,48.93162393162393,7.02354113930173,100.0,16.382124995446755,4.046051572374911,77
Maritime,Avé,Avé 2,36170,,0,0,0,0,0,49,36,32,11,True,738.1632653061224,13.547138512579483,7.730022308732435,0.0,738.1632653061224,-0.0,7.730022308732435,36170,32.00299799518329,51.7948717948718,7.520089641558288,100.0,12.843693694359057,7.6802383956301945,78
Kara,Bassar,Bassar 4,16657,,0,0,0,0,0,29,15,21,8,True,574.3793103448276,17.41009785675692,10.996295532258753,0.0,574.3793103448276,-0.0,10.996295532258753,16657,31.682828578457944,44.914529914529915,5.460497868897994,100.0,18.604087973880322,1.9682861215923095,79
Plateaux,Kloto,Kloto 2,16166,,0,0,0,0,0,57,47,51,2,True,283.6140350877193,35.2591859458122,11.826766401840375,0.0,283.6140350877193,-0.0,11.826766401840375,16166,30.923320665005342,34.61538461538461,1.804109373233895,100.0,20.068705083064568,1.8245579113451613,80
Centrale,Sotouboua,Sotouboua 3,27770,,0,0,0,0,0,97,44,70,24,True,286.2886597938144,34.92978033849478,10.167533427536187,0.0,286.2886597938144,-0.0,10.167533427536187,27770,30.881212859637394,35.769230769230774,1.8377429183569767,100.0,17.142484439692883,5.2213443710354,81
Plateaux,Haho,Haho 1,119929,,1,1,1,0,0,187,156,158,20,True,641.3315508021391,15.592558930700664,1.9863566520238822,0.8338266807861318,641.3315508021391,-0.8338266807861318,1.9863566520238822,119929,30.749638597235684,49.95726495726496,6.302425783263228,86.96256396145498,2.7141740466834143,32.1986318011106,82
Maritime,Agoè-Nyivé,Agoè-Nyivé 5,125097,,2,2,0,2,0,97,81,94,2,True,1289.659793814433,7.753982909262413,1.8256066541726985,1.598759362734518,1289.659793814433,-1.598759362734518,1.8256066541726985,125097,30.437095369871077,56.53846153846154,14.455187240311796,75.00233152407066,2.4306756052837977,33.71143707719463,83
Kara,Doufelgou,Doufelgou 2,11722,,0,0,0,0,0,30,11,22,8,True,390.73333333333335,25.592902235113463,10.36047060417886,0.0,390.73333333333335,-0.0,10.36047060417886,11722,30.42076625110528,38.16239316239316,3.1511401334322784,100.0,17.482748138588086,0.5236858821428676,84
Plateaux,Danyi,Danyi 1,25820,,0,0,0,0,0,99,80,76,8,True,260.80808080808083,38.3423702556158,9.169182582323897,0.0,260.80808080808083,-0.0,9.169182582323897,25820,30.230751547998295,33.33333333333333,1.5173233091587528,100.0,15.381794471599108,4.6505296867544645,85
Centrale,Tchamba,Tchamba 1,82451,,1,1,0,1,0,52,30,45,6,True,1585.5961538461538,6.30677614583207,0.8835317157162601,1.2128415665061674,1585.5961538461538,-1.2128415665061674,0.8835317157162601,82451,30.1499657988696,53.03418803418803,18.17660239661575,81.03641354663174,0.769233737139637,21.227866294710157,86
Plateaux,Kloto,Kloto 3,11433,,0,0,0,0,0,36,23,32,2,True,317.5833333333333,31.48779847808974,8.073286080229028,0.0,317.5833333333333,-0.0,8.073286080229028,11433,29.11946844905575,32.77777777777778,2.2312750696920363,100.0,13.449073137650428,0.4390882186776419,87
Maritime,Agoè-Nyivé,Agoè-Nyivé 6,110194,,1,1,0,1,0,297,196,289,7,True,371.023569023569,26.95246565148738,1.2475342885762697,0.9074904259760059,371.023569023569,-0.9074904259760059,1.2475342885762697,110194,28.546269071746202,37.64957264957265,2.903288819650918,85.81078219624784,1.4111880976416915,29.348949261892702,88
Kara,Assoli,Assoli 2,9933,,0,0,0,0,0,31,15,29,2,True,320.4193548387097,31.209100976542835,6.7638523019680505,0.0,320.4193548387097,-0.0,6.7638523019680505,9933,28.46502090687944,32.22222222222222,2.2669381879806454,100.0,11.139757801940982,0.0,89
Plateaux,Haho,Haho 3,58695,,1,1,0,1,0,105,89,78,10,True,559.0,17.88908765652952,8.968680601618612,1.703722633955192,559.0,-1.703722633955192,8.968680601618612,58695,26.532244209221787,42.43589743589744,5.267102239497779,73.36116080302126,15.028189496250327,14.273879812772783,90
Maritime,Golfe,Golfe 4,155842,,3,3,1,2,1,809,665,744,43,True,192.63535228677375,51.911551443128296,1.1101826834697017,1.9250266295350418,192.63535228677375,-1.9250266295350418,1.1101826834697017,155842,26.507740774847925,28.162393162393165,0.6600476937575451,69.90092529613327,1.1689550245968263,42.7112819326907,91
Centrale,Tchaoudjo,Tchaoudjo 1,177706,,4,4,1,3,0,1268,621,1225,38,True,140.14668769716087,71.3538091004243,1.1656689850816908,2.2509088044297885,140.14668769716087,-2.2509088044297885,1.1656689850816908,177706,26.340374065386452,25.683760683760685,0.0,64.80554023687064,1.266810578166354,49.11143180813601,92
Kara,Dankpen,Dankpen 1,76294,,1,1,0,1,0,122,69,98,19,True,625.360655737705,15.990772537814244,1.2227720082716227,1.3107190604765775,625.360655737705,-1.3107190604765775,1.2227720082716227,76294,25.933976151529386,42.43589743589744,6.101590945171165,79.50603367674172,1.3675173793480166,19.425555519777998,93
Plateaux,Kloto,Kloto 1,118387,,2,2,1,1,0,410,324,361,22,True,288.7487804878049,34.63218089824051,1.2598284322013604,1.6893746779629522,288.7487804878049,-1.6893746779629522,1.2598284322013604,118387,25.664646214294073,32.73504273504274,1.868679064344485,73.58550066026393,1.4328700298510024,31.747249112309984,94
Maritime,Zio,Zio 3,67843,,1,1,0,1,0,142,116,125,9,True,477.7676056338028,20.930678183452976,2.704462464854806,1.4739914213699277,477.7676056338028,-1.4739914213699277,2.704462464854806,67843,24.897473139172995,40.427350427350426,4.245600645219796,76.95316146593359,3.9806243198961115,16.95173249574816,95
Maritime,Golfe,Golfe 2,136153,,3,3,1,2,0,454,379,404,13,True,299.8964757709251,33.34483999618077,0.8045854188198407,2.2034035239767027,299.8964757709251,-2.2034035239767027,0.8045854188198407,136153,24.536800853986858,29.48717948717949,2.0088619137247203,65.5483169669416,0.630004173073789,36.947809974327974,96
Centrale,Blitta,Blitta 1,71539,,2,2,1,1,0,75,55,72,0,True,953.8533333333334,10.48379205747914,8.794353329391654,2.7956778819944366,953.8533333333334,-2.7956778819944366,8.794353329391654,71539,24.42856490223355,48.41880341880342,10.232403492193795,56.287712529762324,14.720746195283432,18.033645866569874,97
Plateaux,Agou,Agou 1,58328,,1,1,0,1,0,174,149,159,6,True,335.2183908045977,29.831298861610207,6.243418549358892,1.7144424633109312,335.2183908045977,-1.7144424633109312,6.243418549358892,58328,24.42306865975342,33.376068376068375,2.4530368368125752,73.19354912449138,10.221921660798142,14.16644956193632,98
Plateaux,Moyen-Mono,Moyen-Mono 1,46797,,1,1,0,1,0,39,30,25,5,True,1199.923076923077,8.333867555612539,3.8336171247156634,2.136889116823728,1199.923076923077,-2.136889116823728,3.8336171247156634,46797,24.296307854983862,46.111111111111114,13.32674334689953,66.58831406571646,5.971999688162162,10.791032062221728,99
Plateaux,Anié,Anié 1,100745,,2,2,1,1,0,237,167,218,17,True,425.084388185654,23.524740681919692,0.6983205681036488,1.9852101841282446,425.084388185654,-1.9852101841282446,0.6983205681036488,100745,23.742156910800887,32.30769230769231,3.583106439122976,68.9599152976988,0.442595650795034,26.582986209702682,100
Centrale,Tchamba,Tchamba 3,53204,,1,1,0,1,0,68,49,64,4,True,782.4117647058823,12.780993910232311,1.4506003526029945,1.8795579279753403,782.4117647058823,-1.8795579279753403,1.4506003526029945,53204,23.051553350859887,42.47863247863248,8.076516828445095,70.6118587574869,1.7693150862717406,12.666524206933497,101
Maritime,Bas-Mono,Bas-Mono 1,55382,,2,1,0,2,0,149,144,112,0,True,371.6912751677853,26.904048246722763,1.1992366286563496,1.805640821927702,371.6912751677853,-1.805640821927702,1.1992366286563496,55382,21.807724740302888,28.974358974358978,2.9116852592258913,71.76760198861241,1.3260104211653163,13.304080300453434,102
Plateaux,Ogou,Ogou 3,51836,,1,1,0,1,0,85,78,77,2,True,609.8352941176471,16.397870206034415,0.44735887123154366,1.9291612007099315,609.8352941176471,-1.9291612007099315,0.44735887123154366,51836,21.684192394169287,31.196581196581196,5.906358713370416,69.83627851943307,0.0,12.266075751499486,103
Savanes,Oti,Oti 1,54479,,1,1,0,1,0,208,126,192,13,True,261.9182692307692,38.1798491161732,1.2387036513348986,1.8355696690467886,261.9182692307692,-1.8355696690467886,1.2387036513348986,54479,21.241149762283648,24.145299145299145,1.531283986454719,71.29964451134076,1.395614399800577,13.039749192809492,104
Maritime,Golfe,Golfe 5,169993,,6,6,2,4,1,1062,738,1025,37,True,160.06873822975518,62.47316065955657,0.7372527082882545,3.529557099409976,160.06873822975518,-3.529557099409976,0.7372527082882545,169993,20.776953790812115,21.965811965811966,0.2505208241011782,44.81302171265875,0.511256311511838,46.853640187695575,105
Kara,Doufelgou,Doufelgou 1,44783,,1,1,0,1,0,114,74,97,16,True,392.8333333333333,25.45608824777259,1.8632844757711984,2.2329901971730344,392.8333333333333,-2.2329901971730344,1.8632844757711984,44783,19.88926935203038,27.735042735042732,3.177547742917644,65.08570960706815,2.4971241517304117,10.201482947277213,106
Plateaux,Haho,Haho 4,43965,,1,1,0,1,0,107,93,86,6,True,410.8878504672897,24.337541225975208,2.1761071037709585,2.274536563175253,410.8878504672897,-2.274536563175253,2.1761071037709585,43965,19.885012502133872,27.564102564102566,3.4045842371654373,64.43610447704614,3.0488176426041425,9.96203350535834,107
Savanes,Cinkassé,Cinkassé 1,75992,,2,2,1,1,0,467,203,456,10,True,162.7237687366167,61.4538372460259,0.9749868363128639,2.63185598484051,162.7237687366167,-2.63185598484051,0.9749868363128639,75992,18.897528113665295,21.02564102564103,0.28390797114733624,58.84917710636206,0.9305238428549341,19.33715242508423,108
Kara,Assoli,Assoli 1,40417,,1,1,0,1,0,169,69,155,11,True,239.15384615384616,41.81408813123191,0.676000912365109,2.474206398297746,239.15384615384616,-2.474206398297746,0.676000912365109,40417,17.587536313164126,12.264957264957264,1.2450201794189888,61.31413349168254,0.4032327413142518,8.923443505446157,109
Kara,Bassar,Bassar 1,65059,,2,2,1,1,0,273,78,136,136,True,238.3113553113553,41.96191149571927,0.7550442779557007,3.074132710309104,238.3113553113553,-3.074132710309104,0.7550442779557007,65059,16.71681448334308,19.230769230769234,1.2344258131506576,51.933885652510284,0.5426334955752751,16.13678476188246,110
Maritime,Avé,Avé 1,75044,,3,3,1,2,0,79,57,50,18,True,949.9240506329114,10.527157400991417,1.2738550739764825,3.9976547092372474,949.9240506329114,-3.9976547092372474,1.2738550739764825,75044,16.6047302291367,42.52136752136753,10.182992557379345,37.49400351793614,1.4576073930514621,19.059648670879962,111
Kara,Bassar,Bassar 3,33873,,1,1,0,1,0,80,31,70,10,True,423.4125,23.617630561213947,0.7440277233363894,2.9522038201517433,423.4125,-2.9522038201517433,0.7440277233363894,33873,16.06107676476563,18.846153846153843,3.5620823580230008,53.84032513604738,0.5232047173114035,7.007847970095166,112
Plateaux,Kpélé,Kpélé 1,53275,,2,2,1,1,0,184,168,175,6,True,289.5380434782609,34.5377756921633,1.0760284282086803,3.7541060534960113,289.5380434782609,-3.7541060534960113,1.0760284282086803,53275,13.70373520706433,20.085470085470085,1.8786040875983963,41.302049116220864,1.1087206341576543,12.687307715950904,113
Maritime,Golfe,Golfe 3,52769,,2,2,1,1,1,281,221,260,14,True,187.7900355871886,53.25096173889973,1.7644858782488377,3.7901040383558526,187.7900355871886,-3.7901040383558526,1.7644858782488377,52769,13.453092931304491,19.05982905982906,0.5991175836453709,40.73919662428067,2.322883101749265,12.539188623516981,114
Maritime,Agoè-Nyivé,Agoè-Nyivé 3,47554,,2,2,1,1,0,263,156,261,2,True,180.81368821292776,55.30554737771796,0.8754371759702546,4.205745047735206,180.81368821292776,-4.205745047735206,0.8754371759702546,47554,11.104774587567357,13.675213675213676,0.5113896516959721,34.24037234862822,0.7549582196745342,11.012625249914377,115
Kara,Kéran,Kéran 1,44399,,2,2,0,2,0,91,39,62,28,True,487.9010989010989,20.495957116151267,0.6515992463114593,4.504605959593684,487.9010989010989,-4.504605959593684,0.6515992463114593,44399,10.81164441628532,21.70940170940171,4.37302985137472,29.567482751113012,0.36019800174201305,10.089076363295737,116
Centrale,Sotouboua,Sotouboua 1,46907,,3,3,1,2,0,151,100,139,5,True,310.6423841059603,32.19135736670433,0.7507558199527374,6.395633913914767,310.6423841059603,-6.395633913914767,0.7507558199527374,46907,2.9416116488302912,16.837606837606838,2.1439922712852657,0.0,0.5350703778390414,10.823231864924756,117
